contractor_id,name,role_performed,branch,fy25_paid,form
C-200,Contractor 01,Field technician,FTW,54131,1099-NEC
C-201,Contractor 02,Field technician,TOL,73588,1099-NEC
C-202,Contractor 03,Field technician,TOL,91376,1099-NEC
C-203,Contractor 04,Field technician,TOL,57279,1099-NEC
C-204,Contractor 05,Field technician,ERI,60300,1099-NEC
C-205,Contractor 06,Field technician,FTW,80754,1099-NEC
C-206,Contractor 07,Field technician,FTW,54302,1099-NEC
C-207,Contractor 08,Field technician,ERI,55271,1099-NEC
C-208,Contractor 09,Field technician,FTW,69680,1099-NEC
C-209,Contractor 10,Field technician,FTW,93786,1099-NEC
C-210,Contractor 11,Senior technician,ERI,52480,1099-NEC
C-211,Contractor 12,Senior technician,TOL,61258,1099-NEC
C-212,Contractor 13,Senior technician,ERI,67397,1099-NEC
